product_title,product_id,variant_id,sku,product_collection
Set The Pace - 3 Item,614559000000,6348580000000,764204000000,Set The Pace - 3 Items
Set The Pace - 5 Item,614560000000,6348580000000,764204000000,Set The Pace - 3 Items
All-Star - 3 Item,614493000000,6348360000000,764204000000,All-Star - 3 Items
All-Star - 5 Item,614493000000,6348370000000,764204000000,All-Star - 3 Items
After Dark - 3 Items,614492536864,6348364415008,764204142712,After Dark - 3 Items
After Dark - 5 Items,614492667936,6348364546080,764204142743,After Dark - 5 Items
Running Wild - 3 Items,614554992672,6348561612832,764204142705,Running Wild - 3 Items
Running Wild - 5 Items,614555058208,6348561678368,764204142736,Running Wild - 5 Items
Wild Orchid - 3 Items,746990272604,8145891983452,764204150267,Wild Orchid - 3 Items
Wild Orchid - 5 Items,746990338140,8145892048988,764204150250,Wild Orchid - 5 Items
Sky's The Limit - 3 Items,746989387868,8145888346204,764204150281,Sky's The Limit - 3 Items
Sky's The Limit - 5 Items,746989617244,8145890213980,764204150274,Sky's The Limit - 5 Items
Weekend Warrior - 3 Items,780276334684,8687696183388,764204172511,Weekend Warrior - 3 Items
Weekend Warrior - 5 Items,780276367452,8687695954012,764204172504,Weekend Warrior - 5 Items
Back to Black - 3 Items,780275974236,8687701295196,764204172498,Back to Black - 3 Items
Back to Black - 5 Items,783078654044,8687574679644,764204172481,Back to Black - 5 Items
Print Paradise - 3 Items,1337218170972,12266359881820,764204172535,Print Paradise - 3 Items
Print Paradise - 5 Items,1337218203740,12266359947356,764204172528,Print Paradise - 5 Items